<?xml version="1.0" encoding="UTF-8"?>
<project-private xmlns="http://www.netbeans.org/ns/project-private/1">
    <editor-bookmarks xmlns="http://www.netbeans.org/ns/editor-bookmarks/2" lastBookmarkId="0"/>
    <open-files xmlns="http://www.netbeans.org/ns/projectui-open-files/2">
        <group>
            <file>file:/E:/wamp/www/ToDoList/application/views/user_view.php</file>
            <file>file:/E:/wamp/www/ToDoList/application/views/todo_view.php</file>
            <file>file:/E:/wamp/www/ToDoList/application/models/User_model.php</file>
            <file>file:/E:/wamp/www/ToDoList/application/controllers/User.php</file>
        </group>
    </open-files>
</project-private>
